Code;Title
tt7366338;Chernobyl
tt9253866;Our Planet
tt2560140;Attack on Titan
tt8595766;Yeh Meri Family
tt2395695;Cosmos
tt3322312;Daredevil
tt0944947;Game of Thrones
tt4269716;Umbre
tt4508902;One Punch Man
tt2433738;Wentworth
tt4158110;Mr. Robot
tt0903747;Breaking Bad
tt7221388;Cobra Kai
tt0081846;Cosmos
tt2802850;Fargo
tt0072500;Fawlty Towers
tt2243973;Hannibal
tt2442560;Peaky Blinders
tt1641384;Young Justice
tt0075520;Jesus of Nazareth
tt3032476;Better Call Saul
tt1984119;Feud
tt7562112;Pose
tt1227926;Dr. Horrible's Sing-Along Blog
tt3647998;Taboo
tt1475582;Sherlock
tt0193676;Freaks and Geeks
tt6958022;The Defiant Ones
tt4742876;TVF Pitchers
tt2401256;The Night Of
tt0096548;Blackadder Goes Forth
tt5994364;Sseulsseulhago Chalranhashin: Dokkaebi
tt0071075;The World at War
tt1865718;Gravity Falls
tt1695360;The Legend of Korra
tt5675620;The Punisher
tt2707408;Narcos
tt0070644;Scenes from a Marriage
tt6763664;The Haunting of Hill House
tt2297757;Nathan for You
tt1586680;Shameless
tt5687612;Fleabag
tt4574334;Stranger Things
tt2303687;Line of Duty
tt0141842;The Sopranos
tt3230854;The Expanse
tt0096657;Mr. Bean
tt4786824;The Crown
tt1124373;Sons of Anarchy
tt1489428;Justified
tt1632701;Suits
tt0417299;Avatar: The Last Airbender
tt0203082;Samurai X: Trust and Betrayal
tt0074006;I, Claudius
tt0303461;Firefly
tt0096639;Lonesome Dove
tt4189022;Ash vs Evil Dead
tt0129690;I'm Alan Partridge
tt2356777;True Detective
tt5788792;The Marvelous Mrs. Maisel
tt1806234;Human Planet
tt0185906;Band of Brothers
tt5555260;This Is Us
tt0290978;The Office
tt1870479;The Newsroom
tt2384811;Utopia
tt3920596;Big Little Lies
tt4288182;Atlanta
tt2937900;The Knick
tt0773262;Dexter
tt5425186;Horace and Pete
tt0098769;The Civil War
tt7078180;Violet Evergarden
tt0314979;Battlestar Galactica
tt0979432;Boardwalk Empire
tt5753856;Dark
tt3718778;Over the Garden Wall
tt5834204;The Handmaid's Tale
tt4093826;Twin Peaks
tt8714904;Narcos: Mexico
tt0098825;House of Cards
tt0080297;Tinker Tailor Soldier Spy
tt1533395;Life
tt0412142;House M.D.
tt0348914;Deadwood
tt1831164;Leyla ile Mecnun
tt0417373;The Venture Bros.
tt0237123;Coupling
tt0118421;Oz
tt6478318;Masum
tt0384766;Rome
tt2861424;Rick and Morty
tt0086831;Yes, Prime Minister
tt0995832;Generation Kill
tt3428912;Happy Valley
tt4270492;Billions
tt6468322;Money Heist
tt0081912;Only Fools and Horses....
tt0804503;Mad Men
tt2149175;The Americans
tt2244495;The Eric Andre Show
tt0108778;Friends
tt5249462;Boku dake ga inai machi
tt1474684;Luther
tt0098904;Seinfeld
tt0264235;Curb Your Enthusiasm
tt0111958;Father Ted
tt2788432;American Crime Story
tt4299972;The Jinx: The Life and Deaths of Robert Durst
tt2701582;Endeavour
tt0092324;Blackadder the Third
tt0278238;Samurai Jack
tt0088484;Blackadder II
tt1606375;Downton Abbey
tt2049116;Gomorra: La serie
tt4082744;Detectorists
tt5290382;Mindhunter
tt0118273;Brass Eye
tt2528254;This Is England '90
tt0475784;Westworld
tt0362192;State of Play
tt1119644;Fringe
tt0387199;Entourage
tt0863046;Flight of the Conchords
tt0098936;Twin Peaks
tt1439629;Community
tt5712554;The Grand Tour
tt5288312;Skam
tt0187664;Spaced
tt0083390;Brideshead Revisited
tt2100976;Impractical Jokers
tt0080306;Yes Minister
tt7767422;Sex Education
tt5189670;Making a Murderer
tt0472027;John Adams
tt2575988;Silicon Valley
tt7920978;Sahsiyet
tt1494191;The Untold History of the United States
tt0306414;The Wire
tt1266020;Parks and Recreation
tt6025022;Justice League Unlimited
tt1492966;Louie
tt0200276;The West Wing
tt2306299;Vikings
tt0994314;Kôdo giasu: Hangyaku no rurûshu
tt0112130;Pride and Prejudice
tt0367279;Arrested Development
tt0459159;The Thick of It
tt0472954;It's Always Sunny in Philadelphia
tt1733785;Bron/Broen
tt0275137;Justice League
tt0386676;The Office
tt7259746;Queer Eye
tt2467372;Brooklyn Nine-Nine
tt8398600;After Life
tt0083466;Police Squad!
tt1910272;Steins;Gate
tt4156586;Permanent Roommates
tt0161952;Seinto Seiya
tt0319969;Carnivàle
tt0098833;Jeeves and Wooster
tt0248654;Six Feet Under
tt0387764;Peep Show
tt3398228;BoJack Horseman
tt0487831;The IT Crowd
tt0063929;Monty Python's Flying Circus
tt1442449;Spartacus
tt0434706;Monster
tt0092337;Dekalog
tt1883092;Generation War
tt0112159;Shin Seiki Evangerion
tt3530232;Last Week Tonight with John Oliver
tt0397150;Garth Marenghi's Darkplace
tt0075537;Mind Your Language
tt0262150;Black Books
tt0086661;The Adventures of Sherlock Holmes
tt0061287;The Prisoner
tt1856010;House of Cards
tt4295140;Chef's Table
tt0121955;South Park
tt0182629;Rurouni Kenshin: Wandering Samurai
tt0423731;Samurai Champloo
tt1305826;Adventure Time
tt2085059;Black Mirror
tt0421357;Fullmetal Alchemist
tt0081834;Das Boot
tt2098220;Hunter x Hunter
tt0106179;The X-Files
tt1486217;Archer
tt0053488;The Bugs Bunny Show
tt1526318;Borgen
tt0407362;Battlestar Galactica
tt1355642;Fullmetal Alchemist: Brotherhood
tt0106028;Homicide: Life on the Street
tt0090509;The Return of Sherlock Holmes
tt0074028;The Muppet Show
tt0103584;X-Men: The Animated Series
tt2571774;Africa
tt2674806;Inside No. 9
tt0149460;Futurama
tt0318871;Berserk
tt0758745;Friday Night Lights
tt0436992;Doctor Who
tt3671754;Kardes Payi
tt1230180;The Angry Video Game Nerd
tt1508238;Apocalypse: La 2ème guerre mondiale
tt0118266;The New Batman Adventures
tt1877514;The Vietnam War
tt0346314;Kôkaku kidôtai: Stand Alone Complex
tt1442437;Modern Family
tt0108855;The Memoirs of Sherlock Holmes
tt0417349;North &amp; South
tt0094525;Poirot
tt0286486;The Shield
tt0052520;The Twilight Zone
tt1758429;Spartacus: Gods of the Arena
tt0280249;Dragon Ball
tt0458254;The Colbert Report
tt0388629;One Piece: Wan pîsu
tt0094517;Mystery Science Theater 3000
tt1513168;Through the Wormhole
tt1795096;Behzat Ç.: Bir Ankara Polisiyesi
tt6077448;Sacred Games
tt0056751;Doctor Who
tt9561862;Love, Death and Robots
tt0092455;Star Trek: The Next Generation
tt0047708;Alfred Hitchcock Presents
tt0163507;Whose Line Is It Anyway?
tt0096697;The Simpsons
tt0795176;Planet Earth
tt0088509;Dragon Ball
tt0213338;Cowboy Bebop
tt0062588;Mister Rogers' Neighborhood
tt1628033;Top Gear
tt6769208;Blue Planet II
tt0380136;QI
tt5491994;Planet Earth II
tt0877057;Death Note
tt0120570;From the Earth to the Moon
tt6205862;Inside Look: The People v. O.J. Simpson - American Crime Story
tt0403778;Long Way Round
tt0103359;Batman: The Animated Series
tt0353049;Chappelle's Show
tt0115147;The Daily Show
tt0214341;Dragon Ball Z
tt0121220;Dragon Ball Z: Doragon bôru zetto
tt0296310;The Blue Planet
tt0158417;Mahabharat
tt2092588;Frozen Planet